-- SQL seed script for BidExpert
-- Generated by Gemini

SET NAMES utf8mb4;
SET CHARACTER SET utf8mb4;

-- Disable foreign key checks to allow truncating tables in any order
SET FOREIGN_KEY_CHECKS=0;

-- Truncate all tables to start with a clean slate
TRUNCATE TABLE `_AuctionToCourt`;
TRUNCATE TABLE `_AuctionToJudicialBranch`;
TRUNCATE TABLE `_AuctionToJudicialDistrict`;
TRUNCATE TABLE `_InstallmentPaymentToLot`;
TRUNCATE TABLE `_JudicialProcessToLot`;
TRUNCATE TABLE `Asset`;
TRUNCATE TABLE `AssetMedia`;
TRUNCATE TABLE `AssetsOnLots`;
TRUNCATE TABLE `Auction`;
TRUNCATE TABLE `Auctioneer`;
TRUNCATE TABLE `AuctionHabilitation`;
TRUNCATE TABLE `AuctionStage`;
TRUNCATE TABLE `Bid`;
TRUNCATE TABLE `BidderNotification`;
TRUNCATE TABLE `BidderProfile`;
TRUNCATE TABLE `BiddingSettings`;
TRUNCATE TABLE `City`;
TRUNCATE TABLE `ContactMessage`;
TRUNCATE TABLE `Court`;
TRUNCATE TABLE `DataSource`;
TRUNCATE TABLE `DirectSaleOffer`;
TRUNCATE TABLE `DocumentTemplate`;
TRUNCATE TABLE `DocumentType`;
TRUNCATE TABLE `IdMasks`;
TRUNCATE TABLE `InstallmentPayment`;
TRUNCATE TABLE `JudicialBranch`;
TRUNCATE TABLE `JudicialDistrict`;
TRUNCATE TABLE `JudicialParty`;
TRUNCATE TABLE `JudicialProcess`;
TRUNCATE TABLE `Lot`;
TRUNCATE TABLE `LotCategory`;
TRUNCATE TABLE `LotQuestion`;
TRUNCATE TABLE `LotStagePrice`;
TRUNCATE TABLE `MapSettings`;
TRUNCATE TABLE `MediaItem`;
TRUNCATE TABLE `MentalTriggerSettings`;
TRUNCATE TABLE `Notification`;
TRUNCATE TABLE `NotificationSettings`;
TRUNCATE TABLE `ParticipationHistory`;
TRUNCATE TABLE `PasswordResetToken`;
TRUNCATE TABLE `PaymentGatewaySettings`;
TRUNCATE TABLE `PaymentMethod`;
TRUNCATE TABLE `PlatformSettings`;
TRUNCATE TABLE `Report`;
TRUNCATE TABLE `Review`;
TRUNCATE TABLE `Role`;
TRUNCATE TABLE `SectionBadgeVisibility`;
TRUNCATE TABLE `Seller`;
TRUNCATE TABLE `State`;
TRUNCATE TABLE `Subcategory`;
TRUNCATE TABLE `Subscriber`;
TRUNCATE TABLE `Tenant`;
TRUNCATE TABLE `ThemeColors`;
TRUNCATE TABLE `ThemeSettings`;
TRUNCATE TABLE `User`;
TRUNCATE TABLE `UserDocument`;
TRUNCATE TABLE `UserLotMaxBid`;
TRUNCATE TABLE `UsersOnRoles`;
TRUNCATE TABLE `UsersOnTenants`;
TRUNCATE TABLE `UserWin`;
TRUNCATE TABLE `VariableIncrementRule`;
TRUNCATE TABLE `VehicleMake`;
TRUNCATE TABLE `VehicleModel`;
TRUNCATE TABLE `WonLot`;


-- Re-enable foreign key checks
SET FOREIGN_KEY_CHECKS=1;

-- Insert Tenants
INSERT INTO `Tenant` (`id`, `name`, `subdomain`, `domain`, `createdAt`, `updatedAt`) VALUES
(1, 'BidExpert Principal', 'bidexpert', 'bidexpert.com.br', NOW(), NOW()),
(2, 'Leiloeiro Teste', 'leiloeiro-teste', 'leiloeiro.com', NOW(), NOW());

-- Insert Roles
INSERT INTO `Role` (`id`, `name`, `nameNormalized`, `description`, `permissions`) VALUES
(1, 'Administrador', 'ADMINISTRADOR', 'Acesso total ao sistema', '["manage_all"]'),
(2, 'Arrematante', 'ARREMATANTE', 'Participa de leilões', '["view_auctions", "place_bids"]'),
(3, 'Vendedor', 'VENDEDOR', 'Cria e gerencia lotes', '["manage_lots"]');

-- Insert Users
INSERT INTO `User` (`id`, `email`, `password`, `fullName`, `habilitationStatus`, `accountType`, `createdAt`, `updatedAt`) VALUES
(1, 'admin@example.com', '$2a$10$vE.p.g2f8.g2f8.g2f8.g2f8.g2f8.g2f8.g2f8.g2f8.g2f8.g2f8.g2', 'Admin User', 'HABILITADO', 'PHYSICAL', NOW(), NOW()),
(2, 'bidder@example.com', '$2a$10$vE.p.g2f8.g2f8.g2f8.g2f8.g2f8.g2f8.g2f8.g2f8.g2f8.g2f8.g2', 'Bidder User', 'PENDING_DOCUMENTS', 'PHYSICAL', NOW(), NOW()),
(3, 'seller@example.com', '$2a$10$vE.p.g2f8.g2f8.g2f8.g2f8.g2f8.g2f8.g2f8.g2f8.g2f8.g2f8.g2', 'Seller User', 'HABILITADO', 'LEGAL', NOW(), NOW());

-- Assign Roles to Users
INSERT INTO `UsersOnRoles` (`userId`, `roleId`, `assignedAt`, `assignedBy`) VALUES
(1, 1, NOW(), 'system'),
(2, 2, NOW(), 'system'),
(3, 3, NOW(), 'system');

-- Assign Users to Tenants
INSERT INTO `UsersOnTenants` (`userId`, `tenantId`, `assignedAt`, `assignedBy`) VALUES
(1, 1, NOW(), 'system'),
(2, 1, NOW(), 'system'),
(3, 1, NOW(), 'system');

-- Insert States
INSERT INTO `State` (`id`, `name`, `uf`, `slug`) VALUES
(1, 'São Paulo', 'SP', 'sao-paulo'),
(2, 'Rio de Janeiro', 'RJ', 'rio-de-janeiro');

-- Insert Cities
INSERT INTO `City` (`id`, `name`, `stateId`, `ibgeCode`, `slug`, `createdAt`, `updatedAt`) VALUES
(1, 'São Paulo', 1, '3550308', 'sao-paulo', NOW(), NOW()),
(2, 'Campinas', 1, '3509502', 'campinas', NOW(), NOW()),
(3, 'Rio de Janeiro', 2, '3304557', 'rio-de-janeiro', NOW(), NOW());

-- Insert Courts
INSERT INTO `Court` (`id`, `name`, `slug`, `stateUf`, `createdAt`, `updatedAt`) VALUES
(1, 'Tribunal de Justiça de SP', 'tj-sp', 'SP', NOW(), NOW()),
(2, 'Tribunal de Justiça do RJ', 'tj-rj', 'RJ', NOW(), NOW());

-- Insert JudicialDistricts
INSERT INTO `JudicialDistrict` (`id`, `name`, `slug`, `courtId`, `stateId`, `createdAt`, `updatedAt`) VALUES
(1, 'Comarca de São Paulo', 'comarca-sp', 1, 1, NOW(), NOW()),
(2, 'Comarca do Rio de Janeiro', 'comarca-rj', 2, 2, NOW(), NOW());

-- Insert JudicialBranches
INSERT INTO `JudicialBranch` (`id`, `name`, `slug`, `districtId`, `createdAt`, `updatedAt`) VALUES
(1, '1ª Vara Cível de São Paulo', '1-vara-civel-sp', 1, NOW(), NOW()),
(2, '2ª Vara Cível do Rio de Janeiro', '2-vara-civel-rj', 2, NOW(), NOW());

-- Insert LotCategories
INSERT INTO `LotCategory` (`id`, `name`, `slug`, `hasSubcategories`, `createdAt`, `updatedAt`) VALUES
(1, 'Imóveis', 'imoveis', 1, NOW(), NOW()),
(2, 'Veículos', 'veiculos', 1, NOW(), NOW()),
(3, 'Eletrônicos', 'eletronicos', 0, NOW(), NOW());

-- Insert Subcategories
INSERT INTO `Subcategory` (`id`, `name`, `slug`, `parentCategoryId`, `displayOrder`) VALUES
(1, 'Apartamentos', 'apartamentos', 1, 1),
(2, 'Casas', 'casas', 1, 2),
(3, 'Carros', 'carros', 2, 1),
(4, 'Motos', 'motos', 2, 2);

-- Insert Sellers
INSERT INTO `Seller` (`id`, `publicId`, `name`, `slug`, `tenantId`, `userId`, `isJudicial`, `createdAt`, `updatedAt`) VALUES
(1, UUID(), 'Vendedor Imobiliário', 'vendedor-imobiliario', 1, 3, 0, NOW(), NOW()),
(2, UUID(), 'Leilões Judiciais SP', 'leiloes-judiciais-sp', 1, NULL, 1, NOW(), NOW());

-- Insert Auctioneers
INSERT INTO `Auctioneer` (`id`, `publicId`, `name`, `slug`, `tenantId`, `userId`, `createdAt`, `updatedAt`) VALUES
(1, UUID(), 'João Leiloeiro', 'joao-leiloeiro', 1, 1, NOW(), NOW());

-- Insert JudicialProcesses
INSERT INTO `JudicialProcess` (`id`, `publicId`, `processNumber`, `tenantId`, `courtId`, `districtId`, `branchId`, `sellerId`, `createdAt`, `updatedAt`) VALUES
(1, UUID(), '1234567-89.2023.8.26.0001', 1, 1, 1, 1, 2, NOW(), NOW());

-- Insert Assets
INSERT INTO `Asset` (`id`, `publicId`, `title`, `status`, `tenantId`, `categoryId`, `subcategoryId`, `judicialProcessId`, `sellerId`, `evaluationValue`, `createdAt`, `updatedAt`) VALUES
(1, UUID(), 'Apartamento Centro SP', 'DISPONIVEL', 1, 1, 1, 1, 1, 500000.00, NOW(), NOW()),
(2, UUID(), 'Ford Ka 2020', 'DISPONIVEL', 1, 2, 3, NULL, 1, 45000.00, NOW(), NOW()),
(3, UUID(), 'Macbook Pro M1', 'DISPONIVEL', 1, 3, NULL, NULL, 1, 12000.00, NOW(), NOW());

-- Insert Auctions
INSERT INTO `Auction` (`id`, `publicId`, `slug`, `title`, `description`, `status`, `auctionDate`, `endDate`, `tenantId`, `auctioneerId`, `sellerId`, `auctionType`, `auctionMethod`, `participation`, `isFeaturedOnMarketplace`, `softCloseEnabled`, `softCloseMinutes`, `createdAt`, `updatedAt`, `cityId`, `stateId`, `judicialProcessId`, `categoryId`) VALUES
(1, UUID(), 'leilao-imoveis-sp', 'Grande Leilão de Imóveis em SP', 'Diversos imóveis na capital paulista.', 'ABERTO_PARA_LANCES', NOW(), DATE_ADD(NOW(), INTERVAL 7 DAY), 1, 1, 1, 'JUDICIAL', 'STANDARD', 'ONLINE', 1, 1, 2, NOW(), NOW(), 1, 1, 1, 1),
(2, UUID(), 'leilao-veiculos-rj', 'Leilão de Veículos RJ', 'Oportunidade única de carros e motos no Rio de Janeiro.', 'EM_BREVE', DATE_ADD(NOW(), INTERVAL 10 DAY), DATE_ADD(NOW(), INTERVAL 14 DAY), 1, 1, 1, 'EXTRAJUDICIAL', 'STANDARD', 'ONLINE', 0, 0, NULL, NOW(), NOW(), 3, 2, NULL, 2);

-- Insert AuctionStages
INSERT INTO `AuctionStage` (`id`, `name`, `startDate`, `endDate`, `auctionId`, `initialPrice`) VALUES
(1, '1ª Praça', NOW(), DATE_ADD(NOW(), INTERVAL 3 DAY), 1, 500000.00),
(2, '2ª Praça', DATE_ADD(NOW(), INTERVAL 4 DAY), DATE_ADD(NOW(), INTERVAL 7 DAY), 1, 300000.00);

-- Insert Lots
INSERT INTO `Lot` (`id`, `publicId`, `title`, `description`, `price`, `initialPrice`, `status`, `tenantId`, `auctionId`, `categoryId`, `subcategoryId`, `sellerId`, `auctioneerId`, `type`, `createdAt`, `updatedAt`, `cityId`, `stateId`) VALUES
(1, UUID(), 'Apartamento na Av. Paulista', 'Lindo apartamento com 2 quartos e vista para a Av. Paulista.', 550000.00, 500000.00, 'ABERTO_PARA_LANCES', 1, 1, 1, 1, 1, 1, 'IMÓVEL', NOW(), NOW(), 1, 1),
(2, UUID(), 'Carro Popular Usado', 'Carro em bom estado, ideal para o dia a dia.', 40000.00, 35000.00, 'EM_BREVE', 1, 2, 2, 3, 1, 1, 'VEÍCULO', NOW(), NOW(), 3, 2),
(3, UUID(), 'Lote Não Vendido', 'Este lote não foi vendido no leilão anterior.', 10000.00, 8000.00, 'NAO_VENDIDO', 1, 1, 3, NULL, 1, 1, 'ELETRÔNICO', NOW(), NOW(), 1, 1);

-- Insert LotStagePrice
INSERT INTO `LotStagePrice` (`id`, `lotId`, `auctionId`, `auctionStageId`, `initialBid`, `bidIncrement`) VALUES
(1, 1, 1, 1, 500000.00, 1000.00),
(2, 1, 1, 2, 300000.00, 500.00);

-- Insert AssetsOnLots
INSERT INTO `AssetsOnLots` (`lotId`, `assetId`, `assignedAt`, `assignedBy`) VALUES
(1, 1, NOW(), 'system'),
(2, 2, NOW(), 'system');

-- Insert Bids
INSERT INTO `Bid` (`id`, `lotId`, `auctionId`, `bidderId`, `amount`, `timestamp`, `tenantId`) VALUES
(1, 1, 1, 2, 510000.00, NOW(), 1),
(2, 1, 1, 2, 511000.00, NOW(), 1);

-- Insert UserWins
INSERT INTO `UserWin` (`id`, `lotId`, `userId`, `winningBidAmount`, `winDate`, `paymentStatus`, `retrievalStatus`) VALUES
(1, 1, 2, 511000.00, NOW(), 'PENDENTE', 'PENDENTE');

-- Insert InstallmentPayments
INSERT INTO `InstallmentPayment` (`id`, `userWinId`, `installmentNumber`, `totalInstallments`, `amount`, `dueDate`, `status`) VALUES
(1, 1, 1, 3, 170333.33, DATE_ADD(NOW(), INTERVAL 30 DAY), 'PENDENTE'),
(2, 1, 2, 3, 170333.33, DATE_ADD(NOW(), INTERVAL 60 DAY), 'PENDENTE'),
(3, 1, 3, 3, 170333.34, DATE_ADD(NOW(), INTERVAL 90 DAY), 'PENDENTE');

-- Insert UserLotMaxBids
INSERT INTO `UserLotMaxBid` (`id`, `userId`, `lotId`, `maxAmount`, `isActive`, `createdAt`) VALUES
(1, 2, 1, 520000.00, 1, NOW());

-- Insert LotQuestions
INSERT INTO `LotQuestion` (`id`, `lotId`, `auctionId`, `userId`, `userDisplayName`, `questionText`, `answerText`, `isPublic`, `createdAt`) VALUES
(1, 1, 1, 2, 'Bidder User', 'Qual o valor do condomínio?', 'O valor do condomínio é R$ 800,00.', 1, NOW());

-- Insert Reviews
INSERT INTO `Review` (`id`, `lotId`, `auctionId`, `userId`, `rating`, `comment`, `createdAt`) VALUES
(1, 1, 1, 2, 5, 'Ótimo apartamento, excelente localização!', NOW());

-- Insert DirectSaleOffers
INSERT INTO `DirectSaleOffer` (`id`, `publicId`, `title`, `description`, `offerType`, `price`, `status`, `locationCity`, `locationState`, `tenantId`, `categoryId`, `sellerId`, `createdAt`, `updatedAt`) VALUES
(1, UUID(), 'Venda Direta de Terreno', 'Terreno de 500m² em área nobre.', 'BUY_NOW', 250000.00, 'ACTIVE', 'Campinas', 'SP', 1, 1, 1, NOW(), NOW()),
(2, UUID(), 'Oferta de Carro Usado', 'Carro em excelente estado, aceita propostas.', 'ACCEPTS_PROPOSALS', NULL, 'ACTIVE', 'Rio de Janeiro', 'RJ', 1, 2, 1, NOW(), NOW());

-- Insert Notifications
INSERT INTO `Notification` (`id`, `userId`, `message`, `link`, `isRead`, `createdAt`, `lotId`, `auctionId`, `tenantId`) VALUES
(1, 2, 'Seu lance foi superado no lote "Apartamento na Av. Paulista".', '/auctions/leilao-imoveis-sp/lots/1', 0, NOW(), 1, 1, 1),
(2, 2, 'Parabéns! Você arrematou o lote "Apartamento na Av. Paulista".', '/dashboard/wins', 0, NOW(), 1, 1, 1);

-- Insert ContactMessages
INSERT INTO `ContactMessage` (`id`, `name`, `email`, `subject`, `message`, `isRead`, `createdAt`) VALUES
(1, 'Visitante Interessado', 'contato@example.com', 'Dúvida sobre Leilão', 'Gostaria de mais informações sobre o leilão de imóveis.', 0, NOW());

-- Insert DocumentTypes
INSERT INTO `DocumentType` (`id`, `name`, `description`, `isRequired`, `appliesTo`) VALUES
(1, 'RG', 'Documento de Identidade', 1, 'PHYSICAL'),
(2, 'CPF', 'Cadastro de Pessoa Física', 1, 'PHYSICAL'),
(3, 'Comprovante de Endereço', 'Conta de consumo recente', 1, 'PHYSICAL,LEGAL');

-- Insert UserDocuments
INSERT INTO `UserDocument` (`id`, `status`, `createdAt`, `updatedAt`, `userId`, `documentTypeId`, `fileUrl`) VALUES
(1, 'SUBMITTED', NOW(), NOW(), 2, 1, 'https://example.com/docs/user2_rg.pdf'),
(2, 'PENDING_ANALYSIS', NOW(), NOW(), 2, 2, 'https://example.com/docs/user2_cpf.pdf');

-- Insert AuctionHabilitations
INSERT INTO `AuctionHabilitation` (`userId`, `auctionId`, `habilitatedAt`) VALUES
(2, 1, NOW());

-- Insert MediaItems
INSERT INTO `MediaItem` (`id`, `fileName`, `storagePath`, `urlOriginal`, `mimeType`, `uploadedAt`, `uploadedByUserId`) VALUES
(1, 'apartamento_paulista.jpg', 'uploads/apartamento_paulista.jpg', 'https://example.com/uploads/apartamento_paulista.jpg', 'image/jpeg', NOW(), 1),
(2, 'ford_ka.jpg', 'uploads/ford_ka.jpg', 'https://example.com/uploads/ford_ka.jpg', 'image/jpeg', NOW(), 1);

-- Insert PlatformSettings
INSERT INTO `PlatformSettings` (`id`, `tenantId`, `siteTitle`, `isSetupComplete`, `crudFormMode`, `galleryImageBasePath`, `storageProvider`, `activeThemeName`, `searchPaginationType`, `searchItemsPerPage`, `searchLoadMoreCount`, `showCountdownOnLotDetail`, `showCountdownOnCards`, `showRelatedLotsOnLotDetail`, `relatedLotsCount`, `defaultUrgencyTimerHours`, `defaultListItemsPerPage`, `updatedAt`) VALUES
(1, 1, 'BidExpert', 1, 'modal', '/images', 'FIREBASE', 'default', 'loadMore', 12, 12, 1, 1, 1, 5, 24, 10, NOW());

-- Insert BiddingSettings
INSERT INTO `BiddingSettings` (`id`, `platformSettingsId`, `instantBiddingEnabled`, `getBidInfoInstantly`, `biddingInfoCheckIntervalSeconds`, `defaultStageDurationDays`, `defaultDaysBetweenStages`) VALUES
(1, 1, 1, 1, 1, 7, 1);

-- Insert PaymentGatewaySettings
INSERT INTO `PaymentGatewaySettings` (`id`, `platformSettingsId`, `defaultGateway`, `platformCommissionPercentage`) VALUES
(1, 1, 'Manual', 5.0);

-- Insert NotificationSettings
INSERT INTO `NotificationSettings` (`id`, `platformSettingsId`, `notifyOnNewAuction`, `notifyOnFeaturedLot`, `notifyOnAuctionEndingSoon`, `notifyOnPromotions`) VALUES
(1, 1, 1, 0, 1, 1);

-- Insert MentalTriggerSettings
INSERT INTO `MentalTriggerSettings` (`id`, `platformSettingsId`, `showDiscountBadge`, `showPopularityBadge`, `popularityViewThreshold`, `showHotBidBadge`, `hotBidThreshold`, `showExclusiveBadge`) VALUES
(1, 1, 1, 1, 500, 1, 10, 1);

-- Insert SectionBadgeVisibility
INSERT INTO `SectionBadgeVisibility` (`id`, `platformSettingsId`, `searchGrid`, `lotDetail`) VALUES
(1, 1, '{}', '{}');

-- Insert VariableIncrementRule
INSERT INTO `VariableIncrementRule` (`id`, `platformSettingsId`, `from`, `to`, `increment`) VALUES
(1, 1, 0, 1000, 50),
(2, 1, 1001, 5000, 100),
(3, 1, 5001, NULL, 500);

-- Insert MapSettings
INSERT INTO `MapSettings` (`id`, `platformSettingsId`, `defaultProvider`) VALUES
(1, 1, 'openstreetmap');

-- Insert IdMasks
INSERT INTO `IdMasks` (`id`, `platformSettingsId`, `auctionCodeMask`, `lotCodeMask`) VALUES
(1, 1, 'AUC-{YYYY}-{MM}-{DD}-{NNNN}', 'LOT-{YYYY}-{MM}-{DD}-{NNNN}');

-- Insert DataSources
INSERT INTO `DataSource` (`id`, `name`, `modelName`, `fields`) VALUES
(1, 'Leilões Ativos', 'Auction', '{"select": {"id": true, "title": true, "status": true}}'),
(2, 'Usuários Habilitados', 'User', '{"select": {"id": true, "email": true, "fullName": true, "habilitationStatus": true}}');

-- Insert Reports
INSERT INTO `Report` (`id`, `name`, `description`, `definition`, `tenantId`, `createdAt`, `updatedAt`, `createdById`) VALUES
(1, 'Relatório de Leilões Ativos', 'Lista todos os leilões com status ABERTO_PARA_LANCES.', '{}', 1, NOW(), NOW(), 1);

-- Insert Subscribers
INSERT INTO `Subscriber` (`id`, `email`, `name`, `tenantId`, `createdAt`, `updatedAt`) VALUES
(1, 'subscriber1@example.com', 'Subscriber One', 1, NOW(), NOW());

-- Insert PasswordResetTokens
INSERT INTO `PasswordResetToken` (`id`, `email`, `token`, `expires`, `createdAt`) VALUES
(1, 'admin@example.com', UUID(), DATE_ADD(NOW(), INTERVAL 1 HOUR), NOW());

-- Insert VehicleMakes
INSERT INTO `VehicleMake` (`id`, `name`, `slug`) VALUES
(1, 'Ford', 'ford'),
(2, 'Chevrolet', 'chevrolet');

-- Insert VehicleModels
INSERT INTO `VehicleModel` (`id`, `name`, `slug`, `makeId`) VALUES
(1, 'Ka', 'ka', 1),
(2, 'Onix', 'onix', 2);

-- Insert BidderProfiles
INSERT INTO `BidderProfile` (`id`, `userId`, `fullName`, `cpf`, `phone`, `documentStatus`, `emailNotifications`, `smsNotifications`, `isActive`, `createdAt`, `updatedAt`) VALUES
(1, 2, 'Bidder User', '111.222.333-44', '11987654321', 'PENDING', 1, 0, 1, NOW(), NOW());

-- Insert WonLots
INSERT INTO `WonLot` (`id`, `bidderId`, `lotId`, `auctionId`, `title`, `finalBid`, `wonAt`, `status`, `paymentStatus`, `totalAmount`, `paidAmount`, `deliveryStatus`) VALUES
(1, 1, 1, 1, 'Apartamento na Av. Paulista', 511000.00, NOW(), 'WON', 'PENDENTE', 536550.00, 0.00, 'PENDING');

-- Insert BidderNotifications
INSERT INTO `BidderNotification` (`id`, `bidderId`, `type`, `title`, `message`, `isRead`, `createdAt`) VALUES
(1, 1, 'AUCTION_WON', 'Parabéns!', 'Você arrematou o lote "Apartamento na Av. Paulista".', 0, NOW());

-- Insert PaymentMethods
INSERT INTO `PaymentMethod` (`id`, `bidderId`, `type`, `isDefault`, `cardLast4`, `cardBrand`, `isActive`, `createdAt`, `updatedAt`) VALUES
(1, 1, 'CREDIT_CARD', 1, '1234', 'VISA', 1, NOW(), NOW());

-- Insert ParticipationHistory
INSERT INTO `ParticipationHistory` (`id`, `bidderId`, `lotId`, `auctionId`, `title`, `auctionName`, `maxBid`, `finalBid`, `result`, `participatedAt`, `bidCount`) VALUES
(1, 1, 1, 1, 'Apartamento na Av. Paulista', 'Grande Leilão de Imóveis em SP', 520000.00, 511000.00, 'WON', NOW(), 2);

-- Insert ThemeSettings
INSERT INTO `ThemeSettings` (`id`, `name`, `platformSettingsId`) VALUES
(1, 'default', 1);

-- Insert ThemeColors
INSERT INTO `ThemeColors` (`id`, `themeSettingsId`, `light`, `dark`) VALUES
(1, 1, '{"primary": "#3b82f6", "secondary": "#6b7280"}', '{"primary": "#60a5fa", "secondary": "#9ca3af"}');

-- Insert DocumentTemplate
INSERT INTO `DocumentTemplate` (`id`, `name`, `type`, `content`, `createdAt`, `updatedAt`) VALUES
(1, 'Termo de Arrematação Padrão', 'WINNING_BID_TERM', '<h1>Termo de Arrematação</h1><p>Lote: {{lot.title}}</p><p>Arrematante: {{user.fullName}}</p>', NOW(), NOW());

-- Insert JudicialParty
INSERT INTO `JudicialParty` (`id`, `name`, `documentNumber`, `partyType`, `processId`) VALUES
(1, 'Autor da Ação', '123.456.789-00', 'AUTOR', 1),
(2, 'Réu da Ação', '987.654.321-00', 'REU', 1);